abandon,porzucić
ability,umiejętność
able,zdolny
abortion,poronienie
about,o
above,powyżej
abroad,za granicą
absence,brak
absolute,absolutny
absolutely,absolutnie
absorb,absorbować
abuse,nadużycie
academic,akademicki
accept,zaakceptować
access,dostęp
accident,wypadek
accompany,towarzyszyć
accomplish,ukończyć
according,według
account,konto
accurate,dokładny
accuse,oskarżać
achieve,osiągać
achievement,osiągnięcie
acid,kwas
acknowledge,uznać
acquire,nabyć
across,przez
act,działać
action,akcja
active,aktywny
activist,aktywista
activity,czynność
actor,aktor
actress,aktorka
actual,rzeczywisty
actually,tak właściwie
ad,ogłoszenie
adapt,przystosować się
add,Dodaj
addition,dodanie
additional,dodatkowy
address,adres
adequate,odpowiedni
adjust,dostosować
adjustment,dostosowanie
administration,administracja
administrator,administrator
admire,podziwiać
admission,wstęp
admit,przyznać
adolescent,dorastający
adopt,przyjąć
adult,dorosły
advance,postęp
advanced,zaawansowane
advantage,korzyść
adventure,przygoda
advertising,reklama
advice,Rada
advise,doradzać
adviser,doradca
advocate,rzecznik
affair,sprawa
affect,oddziaływać
afford,pozwolić sobie
afraid,przestraszony
African,afrykanin
African-American,Afroamerykański
after,po
afternoon,popołudnie
again,jeszcze raz
against,przeciwko
age,wiek
agency,agencja
agenda,program
agent,agent
aggressive,agresywny
ago,temu
agree,Zgodzić się
agreement,umowa
agricultural,rolniczy
ah,ah
ahead,przed siebie
aid,pomoc
aide,doradca
AIDS,AIDS
aim,cel
air,powietrze
aircraft,samolot
airline,linia lotnicza
airport,Lotnisko
album,album
alcohol,alkohol
alive,żywy
all,wszystko
alliance,Sojusz
allow,dopuszczać
ally,sprzymierzyć
almost,prawie
alone,sam
along,wzdłuż
already,już
also,również
alter,zmieniać
alternative,alternatywny
although,mimo że
always,zawsze
AM,RANO
amazing,niesamowity
American,amerykański
among,pośród
amount,ilość
analysis,analiza
analyst,analityk
analyze,analizować
ancient,starożytny
and,i
anger,gniew
angle,kąt
angry,zły
animal,zwierzę
anniversary,rocznica
announce,ogłosić
annual,roczny
another,inne
answer,odpowiedź
anticipate,przewidywać
anxiety,niepokój
any,każdy
anybody,ktoś
anymore,już
anyone,ktoś
anything,byle co
anyway,tak czy inaczej
anywhere,gdziekolwiek
apart,niezależnie
apartment,apartament
apparent,pozorny
apparently,widocznie
appeal,apel
appear,zjawić się
appearance,wygląd
apple,jabłko
application,podanie
apply,zastosować
appoint,wyznaczać
appointment,spotkanie
appreciate,doceniać
approach,podejście
appropriate,właściwy
approval,zatwierdzenie
approve,zatwierdzać
approximately,w przybliżeniu
Arab,Arab
architect,architekt
area,powierzchnia
argue,kłócić się
argument,argument
arise,powstać
arm,ramię
armed,uzbrojony
army,armia
around,na około
arrange,zorganizować
arrangement,układ
arrest,aresztować
arrival,przyjazd
arrive,przybyć
art,sztuka
article,artykuł
artist,artysta
artistic,artystyczny
as,tak jak
Asian,Azjatycki
aside,na bok
ask,zapytać
asleep,we śnie
aspect,aspekt
assault,atak
assert,zapewniać
assess,oszacować
assessment,oszacowanie
asset,kapitał
assign,przydzielać
assignment,zadanie
assist,wspierać
assistance,wsparcie
assistant,asystent
associate,współpracownik
association,stowarzyszenie
assume,założyć
assumption,założenie
assure,gwarantować
at,w
athlete,sportowiec
athletic,atletyczny
atmosphere,atmosfera
attach,dołączać
attack,atak
attempt,próba
attend,uczęszczać
attention,Uwaga
attitude,postawa
attorney,adwokat
attract,pociągać
attractive,atrakcyjny
attribute,atrybut
audience,publiczność
author,autor
authority,autorytet
auto,automatyczny
available,dostępny
average,średni
avoid,uniknąć
award,nagroda
aware,świadomy
awareness,świadomość
away,z dala
awful,straszny
baby,dziecko
back,plecy
background,tło
bad,zły
badly,źle
bag,torba
bake,piec
balance,saldo
ball,piłka
ban,zakaz
band,zespół muzyczny
bank,Bank
bar,bar
barely,ledwo
barrel,beczka
barrier,bariera
base,baza
baseball,baseball
basic,podstawowy
basically,gruntownie
basis,podstawa
basket,kosz
basketball,Koszykówka
bathroom,łazienka
battery,bateria
battle,bitwa
be,być
beach,plaża
bean,fasola
bear,Niedźwiedź
beat,bić
beautiful,piękny
beauty,piękno
because,bo
become,stają się
bed,łóżko
bedroom,sypialnia
beer,piwo
before,przed
begin,zaczynać
beginning,początek
behavior,zachowanie
behind,za
being,istota
belief,wiara
believe,uwierzyć
bell,dzwon
belong,należeć
below,poniżej
belt,pas
bench,ławka
bend,zakręt
beneath,pod
benefit,zasiłek
beside,oprócz
besides,oprócz
best,Najlepiej
bet,Zakład
better,lepszy
between,pomiędzy
beyond,poza
Bible,Biblia
big,duży
bike,rower
bill,rachunek
billion,miliard
bind,wiązać
biological,biologiczny
bird,ptak
birth,narodziny
birthday,urodziny
bit,kawałek
bite,gryźć
black,czarny
blade,nóż
blame,winić
blanket,koc
blind,ślepy
block,blok
blood,krew
blow,cios
blue,niebieski
board,tablica
boat,łódź
body,ciało
bomb,bomba
bombing,bombardowanie
bond,więź
bone,kość
book,książka
boom,Bum
boot,bagażnik
border,granica
born,urodzony
borrow,pożyczać
boss,szef
both,obie
bother,zawracać głowę
bottle,butelka
bottom,Dolny
boundary,granica
bowl,miska
box,pudełko
boy,chłopak
boyfriend,chłopak
brain,mózg
branch,gałąź
brand,Marka
bread,chleb
break,przerwa
breakfast,śniadanie
breast,pierś
breath,oddech
breathe,oddychać
brick,cegła
bridge,most
brief,krótki
briefly,krótko
bright,jasny
brilliant,znakomity
bring,przynieść
British,brytyjski
broad,szeroki
broken,złamany
brother,brat
brown,brązowy
brush,szczotka
buck,bryknięcie
budget,budżet
build,budować
building,budynek
bullet,kula
bunch,wiązka
burden,obciążenie
burn,palić się
bury,pogrzebać
bus,autobus
business,biznes
busy,zajęty
but,ale
butter,masło
button,przycisk
buy,kupować
buyer,kupujący
by,przez
cabin,kabina
cabinet,gabinet
cable,kabel
cake,ciasto
calculate,obliczać
call,połączenie
camera,aparat fotograficzny
camp,obóz
campaign,kampania
campus,kampus
can,mogą
Canadian,kanadyjski
cancer,nowotwór
candidate,kandydat
cap,czapka z daszkiem
capability,zdolność
capable,zdolny
capacity,Pojemność
capital,kapitał
captain,kapitan
capture,zdobyć
car,samochód
carbon,węgiel
card,karta
care,opieka
career,kariera
careful,ostrożny
carefully,ostrożnie
carrier,nośnik
carry,nieść
case,walizka
cash,gotówka
cast,odlew
cat,kot
catch,łapać
category,Kategoria
Catholic,katolicki
cause,przyczyna
ceiling,sufit
celebrate,świętować
celebration,uroczystość
celebrity,sława
cell,komórka
center,Centrum
central,centralny
century,stulecie
CEO,CEO
ceremony,ceremonia
certain,pewny
certainly,na pewno
chain,łańcuch
chair,krzesło
chairman,przewodniczący
challenge,wyzwanie
chamber,izba
champion,mistrz
championship,mistrzostwo
chance,szansa
change,zmiana
changing,wymiana pieniędzy
channel,kanał
chapter,rozdział
character,postać
characteristic,Charakterystyka
characterize,charakteryzować
charge,opłata
charity,dobroczynność
chart,wykres
chase,pościg
cheap,tani
check,czek
cheek,policzek
cheese,ser
chef,szef kuchni
chemical,chemiczny
chest,Klatka piersiowa
chicken,kurczak
chief,szef
child,dziecko
childhood,dzieciństwo
Chinese,chiński
chip,żeton
chocolate,czekolada
choice,wybór
cholesterol,cholesterol
choose,wybierać
Christian,chrześcijanin
Christmas,Boże Narodzenie
church,kościół
cigarette,papieros
circle,okrąg
circumstance,okoliczność
cite,cytować
citizen,obywatel
city,Miasto
civil,cywilny
civilian,cywil
claim,roszczenie
class,klasa
classic,klasyczny
classroom,klasa
clean,czysty
clear,jasny
clearly,Wyraźnie
client,klient
climate,klimat
climb,wspinać się
clinic,klinika
clinical,kliniczny
clock,zegar
close,blisko
closely,dokładnie
closer,bliższy
clothes,ubranie
clothing,odzież
cloud,Chmura
club,Klub
clue,Wskazówka
cluster,grupa
coach,trener
coal,węgiel
coalition,koalicja
coast,Wybrzeże
coat,płaszcz
code,kod
coffee,Kawa
cognitive,poznawczy
cold,zimno
collapse,zawalić się
colleague,kolega
collect,zebrać
collection,kolekcja
collective,kolektyw
college,Szkoła Wyższa
colonial,kolonialny
color,kolor
column,kolumna
combination,połączenie
combine,połączyć
come,chodź
comedy,komedia
comfort,komfort
comfortable,wygodny
command,dowództwo
commander,dowódca
comment,komentarz
commercial,Reklama w telewizji
commission,komisja
commit,popełnić
commitment,zaangażowanie
committee,komisja
common,pospolity
communicate,komunikować się
communication,komunikacja
community,społeczność
company,firma
compare,porównać
comparison,porównanie
compete,rywalizować
competition,zawody
competitive,konkurencyjny
competitor,konkurent
complain,skarżyć się
complaint,skarga
complete,kompletny
completely,całkowicie
complex,złożony
complicated,skomplikowane
component,składnik
compose,komponować
composition,kompozycja
comprehensive,wszechstronny
computer,komputer
concentrate,koncentrować
concentration,stężenie
concept,pojęcie
concern,dotyczyć
concerned,zaniepokojony
concert,koncert
conclude,wyciągnąć wniosek
conclusion,wniosek
concrete,beton
condition,stan
conduct,postępek
conference,konferencja
confidence,pewność siebie
confident,pewni
confirm,potwierdzać
conflict,konflikt
confront,konfrontować
confusion,zamieszanie
Congress,Kongres
congressional,kongresowy
connect,połączyć
connection,połączenie
consciousness,świadomość
consensus,zgoda
consequence,konsekwencja
conservative,konserwatywny
consider,rozważać
considerable,znaczny
consideration,wynagrodzenie
consist,składać się
consistent,zgodny
constant,stały
constantly,stale
constitute,stanowić
constitutional,konstytucyjny
construct,zbudować
construction,budowa
consultant,konsultant
consume,konsumować
consumer,konsument
consumption,konsumpcja
contact,kontakt
contain,zawierać
container,pojemnik
contemporary,współczesny
content,zadowolony
contest,zawody
context,kontekst
continue,dalej
continued,nieprzerwany
contract,kontrakt
contrast,kontrast
contribute,przyczynić się
contribution,wkład
control,kontrola
controversial,kontrowersyjny
controversy,spór
convention,Konwencja
conventional,standardowy
conversation,rozmowa
convert,konwertować
conviction,przekonanie
convince,przekonać
cook,gotować
cookie,ciastko
cooking,gotowanie
cool,chłodny
cooperation,współpraca
cop,policjant
cope,sprostać
copy,Kopiuj
core,rdzeń
corn,kukurydza
corner,kąt
corporate,zbiorowy
corporation,Korporacja
correct,poprawny
correspondent,korespondent
cost,koszt
cotton,bawełna
couch,sofa
could,mógłby
council,rada
counselor,doradca
count,liczyć
counter,licznik
country,kraj
county,Hrabstwo
couple,para
courage,odwaga
course,kierunek
court,Sąd
cousin,kuzyn
cover,pokrywa
coverage,pokrycie
cow,krowa
crack,pęknięcie
craft,rzemiosło
crash,wypadek
crazy,zwariowany
cream,krem
create,Stwórz
creation,kreacja
creative,twórczy
creature,kreatura
credit,kredyt
crew,załoga
crime,przestępstwo
criminal,kryminalista
crisis,kryzys
criteria,kryteria
critic,krytyk
critical,krytyczny
criticism,krytyka
criticize,krytykować
crop,przyciąć
cross,krzyż
crowd,tłum
crucial,istotny
cry,płakać
cultural,kulturalny
culture,kultura
cup,Puchar
curious,ciekawy
current,obecny
currently,obecnie
curriculum,program
custom,zwyczaj
customer,klient
cut,ciąć
cycle,cykl
dad,tata
daily,codziennie
damage,uszkodzić
dance,taniec
danger,niebezpieczeństwo
dangerous,niebezpieczny
dare,odważyć się
dark,ciemny
darkness,ciemność
data,dane
date,data
daughter,córka
day,dzień
dead,nie żyje
deal,sprawa
dealer,kupiec
dear,drogi
death,śmierć
debate,debata
debt,dług
decade,dekada
decide,decydować się
decision,decyzja
deck,pokład
declare,ogłosić
decline,upadek
decrease,zmniejszać
deep,głęboki
deeply,głęboko
deer,jeleń
defeat,Pokonać
defend,bronić
defendant,pozwany
defense,obrona
defensive,obronny
deficit,deficyt
define,definiować
definitely,Zdecydowanie
definition,definicja
degree,stopień
delay,opóźnienie
deliver,dostarczyć
delivery,dostawa
demand,żądanie
democracy,demokracja
Democrat,Demokrata
democratic,demokratyczny
demonstrate,wykazać
demonstration,demonstracja
deny,zaprzeczać
department,departament
depend,zależeć
dependent,zależny
depending,w zależności
depict,przedstawiać
depression,depresja
depth,głębokość
deputy,zastępca
derive,czerpać
describe,opisać
description,opis
desert,pustynia
deserve,zasłużyć
design,projekt
designer,projektant
desire,pragnienie
desk,biurko
desperate,zdesperowany
despite,pomimo
destroy,zniszczyć
destruction,zniszczenie
detail,Szczegół
detailed,szczegółowe
detect,wykryć
determine,ustalać
develop,rozwijać
developing,rozwijanie
development,rozwój
device,urządzenie
devote,poświęcać
dialogue,dialog
die,umierać
diet,dieta
differ,różnić się
difference,różnica
different,różne
differently,różnie
difficult,trudny
difficulty,trudność
dig,kopać
digital,cyfrowy
dimension,wymiar
dining,jadalnia
dinner,obiad
direct,bezpośredni
direction,kierunek
directly,bezpośrednio
director,dyrektor
dirt,brud
dirty,brudny
disability,inwalidztwo
disagree,nie zgadzać się
disappear,znikać
disaster,katastrofa
discipline,dyscyplina
discourse,rozprawiać
discover,odkryć
discovery,odkrycie
discrimination,dyskryminacja
discuss,omawiać
discussion,dyskusja
disease,choroba
dish,danie
dismiss,oddalić
disorder,nieład
display,pokaz
dispute,Spierać się
distance,dystans
distant,odległy
distinct,odrębny
distinction,różnica
distinguish,rozróżniać
distribute,rozprowadzać
distribution,dystrybucja
district,dzielnica
diverse,różnorodny
diversity,różnorodność
divide,podzielić
division,podział
divorce,rozwód
DNA,DNA
do,zrobić
doctor,lekarz
document,dokument
dog,pies
domestic,krajowy
dominant,dominujący
dominate,zdominować
door,drzwi
double,podwójnie
doubt,wątpić
down,na dół
downtown,śródmieście
dozen,tuzin
draft,wersja robocza
drag,opór
drama,dramat
dramatic,dramatyczny
dramatically,dramatycznie
draw,rysować
drawing,rysunek
dream,śnić
dress,sukienka
drink,drink
drive,napęd
driver,kierowca
drop,upuszczać
drug,narkotyk
dry,suchy
due,z powodu
during,podczas
dust,kurz
duty,obowiązek
each,każdy
eager,chętny
ear,ucho
early,wcześnie
earn,zarabiać
earnings,zyski
earth,Ziemia
ease,łatwość
easily,z łatwością
east,Wschód
eastern,wschodni
easy,łatwo
eat,jeść
economic,gospodarczy
economics,Ekonomia
economist,ekonomista
economy,gospodarka
edge,krawędź
edition,wydanie
editor,redaktor
educate,kształcić
education,Edukacja
educational,edukacyjny
educator,pedagog
effect,efekt
effective,efektywny
effectively,efektywnie
efficiency,wydajność
efficient,wydajny
effort,wysiłek
egg,jajko
eight,osiem
either,zarówno
elderly,Starsi
elect,elekt
election,wybór
electric,elektryczny
electricity,Elektryczność
electronic,elektroniczny
element,element
elementary,podstawowy
eliminate,wyeliminować
elite,elita
else,jeszcze
elsewhere,gdzie indziej
e-mail,e-mail
embrace,uścisk
emerge,pojawić się
emergency,nagły wypadek
emission,emisja
emotion,emocja
emotional,emocjonalny
emphasis,nacisk
emphasize,podkreślać
employ,zatrudniać
employee,pracownik
employer,pracodawca
employment,zatrudnienie
empty,pusty
enable,włączyć
encounter,spotkanie
encourage,zachęcać
end,koniec
enemy,wróg
energy,energia
enforcement,egzekwowanie
engage,angażować
engine,silnik
engineer,inżynier
engineering,Inżynieria
English,język angielski
enhance,wzmacniać
enjoy,cieszyć się
enormous,ogromny
enough,dość
ensure,zapewnić
enter,wchodzić
enterprise,przedsiębiorstwo
entertainment,zabawa
entire,Cały
entirely,całkowicie
entrance,wejście
entry,wejście
environment,środowisko
environmental,środowiskowy
episode,epizod
equal,równy
equally,na równi
equipment,sprzęt
era,era
error,błąd
escape,ucieczka
especially,szczególnie
essay,Praca pisemna
essential,istotny
essentially,głównie
establish,ustalić
establishment,ustanowienie
estate,majątek
estimate,oszacowanie
etc,itp
ethics,etyka
ethnic,etniczny
European,europejski
evaluate,oceniać
evaluation,ocena
even,parzysty
evening,wieczór
event,zdarzenie
eventually,ostatecznie
ever,zawsze
every,każdy
everybody,wszyscy
everyday,codziennie
everyone,każdy
everything,wszystko
everywhere,wszędzie
evidence,dowód
evolution,ewolucja
evolve,ewoluować
exact,dokładny
exactly,dokładnie
examination,badanie
examine,zbadać
example,przykład
exceed,przekraczać
excellent,doskonały
except,z wyjątkiem
exception,wyjątek
exchange,Wymieniać się
exciting,ekscytujący
executive,wykonawczy
exercise,ćwiczenie
exhibit,eksponować
exhibition,wystawa
exist,istnieć
existence,istnienie
existing,istniejący
expand,rozszerzać
expansion,ekspansja
expect,oczekiwać
expectation,oczekiwanie
expense,koszt
expensive,kosztowny
experience,doświadczenie
experiment,eksperyment
expert,ekspert
explain,wyjaśniać
explanation,wyjaśnienie
explode,eksplodować
explore,badać
explosion,eksplozja
expose,expose
exposure,ekspozycja
express,wyrazić
expression,wyrażenie
extend,poszerzać
extension,rozbudowa
extensive,rozległy
extent,stopień
external,zewnętrzny
extra,dodatkowy
extraordinary,niezwykły
extreme,skrajny
extremely,niezwykle
eye,oko
fabric,tkanina
face,Twarz
facility,obiekt
fact,fakt
factor,czynnik
factory,fabryka
faculty,Wydział
fade,blaknąć
fail,zawieść
failure,niepowodzenie
fair,targi
fairly,dość
faith,wiara
fall,spadek
false,fałszywy
familiar,znajomy
family,rodzina
famous,sławny
fan,wentylator
fantasy,Fantazja
far,daleko
farm,gospodarstwo rolne
farmer,rolnik
fashion,moda
fast,szybki
fat,gruby
fate,los
father,ojciec
fault,wina
favor,przysługa
favorite,ulubiony
fear,strach
feature,cecha
federal,federalny
fee,opłata
feed,karmić
feel,czuć
feeling,uczucie
fellow,facet
female,Płeć żeńska
fence,płot
few,mało
fewer,mniej
fiber,błonnik
fiction,fikcja
field,pole
fifteen,piętnaście
fifth,piąty
fifty,pięćdziesiąt
fight,walka
fighter,wojownik
fighting,walczący
figure,postać
file,plik
fill,napełnić
film,film
final,finał
finally,Wreszcie
finance,finanse
financial,budżetowy
find,odnaleźć
finding,odkrycie
fine,w porządku
finger,palec
finish,koniec
fire,ogień
firm,firma
first,pierwszy
fish,ryba
fishing,Wędkarstwo
fit,dopasowanie
fitness,zdatność
five,pięć
fix,naprawić
flag,flaga
flame,płomień
flat,mieszkanie
flavor,smak
flee,uciec
flesh,ciało
flight,lot
float,pływak
floor,piętro
flow,pływ
flower,kwiat
fly,latać
focus,skupiać
folk,Ludowy
follow,śledzić
following,następujący
food,jedzenie
foot,stopa
football,piłka nożna
for,dla
force,siła
foreign,obcy
forest,las
forever,na zawsze
forget,zapomnieć
form,Formularz
formal,formalny
formation,tworzenie
former,były
formula,formuła
forth,naprzód
fortune,fortuna
forward,Naprzód
found,uznany
foundation,Fundacja
founder,założyciel
four,cztery
fourth,czwarty
frame,rama
framework,struktura
free,wolny
freedom,wolność
freeze,zamrażać
French,Francuski
frequency,częstotliwość
frequent,częsty
frequently,często
fresh,świeży
friend,przyjaciel
friendly,przyjazny
friendship,przyjaźń
from,od
front,z przodu
fruit,owoc
frustration,udaremnienie
fuel,paliwo
full,pełny
fully,całkowicie
fun,zabawa
function,funkcjonować
fund,fundusz
fundamental,fundamentalny
funding,finansowanie
funeral,pogrzeb
funny,zabawny
furniture,meble
furthermore,Ponadto
future,przyszłość
gain,zdobyć
galaxy,galaktyka
gallery,Galeria
game,gra
gang,banda
gap,luka
garage,garaż
garden,ogród
garlic,czosnek
gas,gaz
gate,brama
gather,zbierać
gay,wesoły
gaze,spojrzenie
gear,koło zębate
gender,płeć
gene,gen
general,generał
generally,ogólnie
generate,Generować
generation,generacja
genetic,genetyczny
gentleman,pan
gently,łagodnie
German,Niemiecki
gesture,gest
get,otrzymać
ghost,duch
giant,ogromny
gift,prezent
gifted,utalentowany
girl,dziewczyna
girlfriend,dziewczyna
give,dać
given,dany
glad,zadowolony
glance,spojrzenie
glass,szkło
global,światowy
glove,rękawica
go,udać się
goal,cel
God,Bóg
gold,złoto
golden,złoty
golf,golf
good,dobry
government,rząd
governor,gubernator
grab,chwycić
grade,stopień
gradually,stopniowo
graduate,ukończyć
grain,ziarno
grand,wielki
grandfather,Dziadek
grandmother,babcia
grant,dotacja
grass,trawa
grave,grób
gray,szary
great,wspaniały
greatest,największy
green,Zielony
grocery,sklep spożywczy
ground,ziemia
group,Grupa
grow,rosnąć
growing,rozwój
growth,wzrost
guarantee,gwarancja
guard,strzec
guess,odgadnąć
guest,Gość
guide,przewodnik
guideline,wytyczna
guilty,winny
gun,pistolet
guy,chłopak
habit,nawyk
habitat,siedlisko
hair,włosy
half,pół
hall,hol
hand,dłoń
handful,garść
handle,uchwyt
hang,powiesić
happen,zdarzyć
happy,szczęśliwy
hard,ciężko
hardly,ledwie
hat,kapelusz
hate,nienawidzić
have,mieć
he,on
head,głowa
headline,nagłówek
headquarters,główna siedziba
health,zdrowie
healthy,zdrowy
hear,słyszeć
hearing,przesłuchanie
heart,serce
heat,ciepło
heaven,niebo
heavily,ciężko
heavy,ciężki
heel,obcas
height,wysokość
helicopter,śmigłowiec
hell,piekło
hello,cześć
help,Wsparcie
helpful,pomocny
her,jej
here,tutaj
heritage,dziedzictwo
hero,bohater
herself,się
hey,Hej
hi,cześć
hide,ukryć
high,wysoki
highlight,atrakcja
highly,wysoko
highway,Autostrada
hill,wzgórze
him,mu
himself,samego siebie
hip,cześć p
hire,zatrudnić
his,jego
historian,historyk
historic,historyczny
historical,historyczny
history,historia
hit,trafienie
hold,utrzymać
hole,otwór
holiday,święto
holy,święty
home,Dom
homeless,bezdomny
honest,szczery
honey,kochanie
honor,honor
hope,nadzieja
horizon,horyzont
horror,przerażenie
horse,koń
hospital,szpital
host,gospodarz
hot,gorąco
hotel,hotel
hour,godzina
house,dom
household,gospodarstwo domowe
housing,mieszkaniowy
how,w jaki sposób
however,jednak
huge,olbrzymi
human,człowiek
humor,humor
hundred,sto
hungry,głodny
hunter,Łowca
hunting,polowanie
hurt,ból
husband,mąż
hypothesis,hipoteza
I,ja
ice,lód
idea,pomysł
ideal,ideał
identification,identyfikacja
identify,zidentyfikować
identity,tożsamość
ie,to znaczy
if,gdyby
ignore,ignorować
ill,chory
illegal,nielegalny
illness,choroba
illustrate,zilustrować
image,obraz
imagination,wyobraźnia
imagine,wyobrażać sobie
immediate,natychmiastowy
immediately,natychmiast
immigrant,imigrant
immigration,imigracja
impact,wpływ
implement,wprowadzić w życie
implication,implikacja
imply,sugerować
importance,znaczenie
important,ważny
impose,narzucać
impossible,niemożliwy
impress,imponować
impression,wrażenie
impressive,imponujący
improve,ulepszać
improvement,poprawa
in,w
incentive,zachęta
incident,incydent
include,zawierać
including,włącznie z
income,dochód
incorporate,włączać
increase,zwiększać
increased,zwiększony
increasing,wzrastający
increasingly,coraz bardziej
incredible,niesamowite
indeed,w rzeczy samej
independence,niezależność
independent,niezależny
index,indeks
Indian,indyjski
indicate,wskazać
indication,wskazanie
individual,indywidualny
industrial,przemysłowy
industry,przemysł
infant,Dziecko
infection,infekcja
inflation,inflacja
influence,wpływ
inform,poinformować
information,Informacja
ingredient,składnik
initial,Inicjał
initially,początkowo
initiative,inicjatywa
injury,zranienie
inner,wewnętrzny
innocent,niewinny
inquiry,zapytanie ofertowe
inside,wewnątrz
insight,wgląd
insist,obstawać
inspire,inspirować
install,zainstalować
instance,instancja
instead,zamiast
institution,instytucja
institutional,instytucjonalny
instruction,instrukcja
instructor,instruktor
instrument,instrument
insurance,ubezpieczenie
intellectual,intelektualny
intelligence,inteligencja
intend,zamierzać
intense,intensywny
intensity,intensywność
intention,zamiar
interaction,interakcja
interest,zainteresowanie
interested,zainteresowany
interesting,ciekawy
internal,wewnętrzny
international,międzynarodowy
Internet,Internet
interpret,interpretować
interpretation,interpretacja
intervention,interwencja
interview,wywiad
into,w
introduce,przedstawiać
introduction,wprowadzenie
invasion,inwazja
invest,inwestować
investigate,zbadać
investigation,dochodzenie
investigator,badacz
investment,inwestycja
investor,inwestor
invite,Zapraszam
involve,angażować
involved,zaangażowany
involvement,uwikłanie
Iraqi,iracki
Irish,Irlandczyk
iron,żelazo
Islamic,islamski
island,wyspa
Israeli,izraelski
issue,kwestia
it,to
Italian,Włoski
item,pozycja
its,jego
itself,samo
jacket,kurtka
jail,więzienie
Japanese,język japoński
jet,strumień
Jew,Żyd
Jewish,żydowski
job,praca
join,Przystąpić
joint,połączenie
joke,żart
journal,dziennik
journalist,dziennikarz
journey,podróż
joy,radość
judge,sędzia
judgment,osąd
juice,sok
jump,skok
junior,junior
jury,jury
just,właśnie
justice,sprawiedliwość
justify,uzasadniać
keep,trzymać
key,klawisz
kick,kopnięcie
kid,dziecko
kill,zabić
killer,zabójca
killing,zabicie
kind,uprzejmy
king,król
kiss,pocałunek
kitchen,kuchnia
knee,kolano
knife,nóż
knock,pukanie
know,wiedzieć
knowledge,"wiedza, umiejętności"
lab,laboratorium
label,etykieta
labor,praca
laboratory,laboratorium
lack,brak
lady,dama
lake,jezioro
land,wylądować
landscape,krajobraz
language,język
lap,podołek
large,duży
largely,w dużej mierze
last,"ostatni, ubiegły, zeszły"
late,późno
later,później
Latin,łacina
latter,drugi
laugh,śmiech
launch,uruchomić
law,prawo
lawn,trawnik
lawsuit,pozew sądowy
lawyer,prawnik
lay,kłaść
layer,warstwa
lead,prowadzić
leader,lider
leadership,przywództwo
leading,prowadzący
leaf,liść
league,liga
lean,pochylać się
learn,uczyć się
learning,uczenie się
least,najmniej
leather,Skórzany
leave,pozostawiać
left,lewo
leg,noga
legacy,dziedzictwo
legal,prawny
legend,legenda
legislation,ustawodawstwo
legitimate,prawowity
lemon,cytrynowy
length,długość
less,mniej
lesson,lekcja
let,pozwolić
letter,list
level,poziom
liberal,liberał
library,biblioteka
license,licencja
lie,kłamstwo
life,życie
lifestyle,styl życia
lifetime,dożywotni
lift,winda
light,lekki
like,lubić
likely,prawdopodobne
limit,limit
limitation,ograniczenie
limited,ograniczony
line,linia
link,połączyć
lip,warga
list,lista
listen,słuchać
literally,dosłownie
literary,literacki
literature,literatura
little,mało
live,relacja na żywo
living,życie
load,obciążenie
loan,pożyczka
local,lokalny
locate,Znajdź
location,Lokalizacja
lock,zamek
long,długie
long-term,długoterminowy
look,Popatrz
loose,luźny
lose,stracić
loss,utrata
lost,Stracony
lot,los
lots,dużo
loud,głośny
love,miłość
lovely,śliczny
lover,kochanek
low,Niska
lower,niższy
luck,szczęście
lucky,Szczęściarz
lunch,lunch
lung,płuco
machine,maszyna
mad,szalony
magazine,czasopismo
mail,Poczta
main,Główny
mainly,głównie
maintain,utrzymać
maintenance,konserwacja
major,poważny
majority,większość
make,robić
maker,producent
makeup,makijaż
male,męski
mall,centrum handlowe
man,człowiek
manage,zarządzanie
management,zarządzanie
manager,menedżer
manner,sposób
manufacturer,producent
manufacturing,produkcja
many,wiele
map,mapa
margin,margines
mark,znak
market,rynek
marketing,marketing
marriage,małżeństwo
married,żonaty
marry,ożenić
mask,maska
mass,masa
massive,masywny
master,mistrz
match,mecz
material,materiał
math,matematyka
matter,materia
may,może
maybe,może
mayor,burmistrz
me,mnie
meal,posiłek
mean,oznaczać
meaning,znaczenie
meanwhile,W międzyczasie
measure,zmierzyć
measurement,pomiary
meat,mięso
mechanism,mechanizm
media,głoska bezdźwięczna
medical,medyczny
medication,lek
medicine,lekarstwo
medium,średni
meet,spotykać się
meeting,spotkanie
member,członek
membership,członkostwo
memory,pamięć
mental,psychiczny
mention,wzmianka
menu,menu
mere,sam
merely,jedynie
mess,bałagan
message,wiadomość
metal,metal
meter,metr
method,metoda
Mexican,Meksykańska
middle,środkowy
might,moc
military,wojskowy
milk,mleko
million,milion
mind,umysł
mine,kopalnia
minister,minister
minor,mniejszy
minority,mniejszość
minute,minuta
miracle,cud
mirror,lustro
miss,tęsknić
missile,pocisk
mission,misja
mistake,błąd
mix,mieszać
mixture,mieszanina
mm-hmm,mm-hmm
mode,tryb
model,Model
moderate,umiarkowany
modern,nowoczesny
modest,skromny
mom,mama
moment,za chwilę
money,pieniądze
monitor,monitor
month,miesiąc
mood,nastrój
moon,księżyc
moral,morał
more,jeszcze
moreover,co więcej
morning,ranek
mortgage,hipoteka
most,większość
mostly,przeważnie
mother,mama
motion,ruch
motivation,motywacja
motor,silnik
mount,uchwyt
mountain,Góra
mouse,mysz
mouth,usta
move,ruszaj się
movement,ruch
movie,film
Mr,Pan
Mrs,Pani
Ms,Ms
much,dużo
multiple,wielokrotność
murder,morderstwo
muscle,mięsień
museum,muzeum
music,muzyka
musical,musical
musician,muzyk
Muslim,muzułmański
must,musi
mutual,wzajemny
my,mój
myself,siebie
mystery,zagadka
myth,mit
naked,nagi
name,Nazwa
narrative,narracja
narrow,wąska
nation,naród
national,krajowy
native,ojczysty
natural,naturalny
naturally,naturalnie
nature,Natura
near,Blisko
nearby,blisko
nearly,prawie
necessarily,koniecznie
necessary,niezbędny
neck,szyja
need,potrzeba
negative,negatywny
negotiate,negocjować
negotiation,negocjacja
neighbor,sąsiad
neighborhood,sąsiedztwo
neither,ani
nerve,nerw
nervous,nerwowy
net,netto
network,sieć
never,nigdy
nevertheless,Niemniej jednak
new,Nowy
newly,nowo
news,Aktualności
newspaper,Gazeta
next,Kolejny
nice,miły
night,noc
nine,dziewięć
no,Nie
nobody,nikt
nod,ukłon
noise,hałas
nomination,nominacja
none,Żaden
nonetheless,niemniej jednak
nor,ani
normal,normalna
normally,normalnie
north,północ
northern,północny
nose,nos
not,nie
note,Uwaga
nothing,nic
notice,ogłoszenie
notion,pojęcie
novel,powieść
now,teraz
nowhere,nigdzie
n't,nie
nuclear,jądrowy
number,numer
numerous,liczny
nurse,pielęgniarka
nut,orzech
object,obiekt
objective,cel
obligation,obowiązek
observation,obserwacja
observe,przestrzegać
observer,obserwator
obtain,uzyskać
obvious,oczywisty
obviously,oczywiście
occasion,okazja
occasionally,sporadycznie
occupation,zawód
occupy,zająć
occur,pojawić się
ocean,ocean
odd,dziwny
odds,szansa
of,z
off,poza
offense,wykroczenie
offensive,ofensywa
offer,oferta
office,gabinet
officer,oficer
official,urzędnik
often,często
oh,O
oil,olej
ok,ok
okay,w porządku
old,stary
Olympic,olimpijski
on,na
once,pewnego razu
one,jeden
ongoing,trwający
onion,cebula
online,online
only,tylko
onto,na
open,otwarty
opening,otwarcie
operate,działać
operating,operacyjny
operation,operacja
operator,operator
opinion,opinia
opponent,przeciwnik
opportunity,okazja
oppose,sprzeciwiać się
opposite,naprzeciwko
opposition,sprzeciw
option,opcja
or,lub
orange,Pomarańczowy
order,zamówienie
ordinary,zwyczajny
organic,organiczny
organization,organizacja
organize,zorganizować
orientation,orientacja
origin,pochodzenie
original,oryginalny
originally,pierwotnie
other,inny
others,inni
otherwise,Inaczej
ought,powinni
our,nasz
ourselves,my sami
out,na zewnątrz
outcome,wynik
outside,na zewnątrz
oven,piekarnik
over,koniec
overall,ogólnie
overcome,przezwyciężać
overlook,przeoczyć
owe,zawdzięczać
own,posiadać
owner,właściciel
pace,tempo
pack,Pakiet
package,pakiet
page,strona
pain,ból
painful,bolesny
paint,farba
painter,malarz
painting,obraz
pair,para
pale,blady
Palestinian,palestyński
palm,Palma
pan,patelnia
panel,płyta
pant,dyszeć
paper,papier
parent,rodzic
park,park
parking,parking
part,część
participant,uczestnik
participate,uczestniczyć
participation,udział
particular,szczególny
particularly,szczególnie
partly,częściowo
partner,partner
partnership,Współpraca
party,przyjęcie
pass,przechodzić
passage,przejście
passenger,pasażer
passion,pasja
past,przeszłość
patch,łata
path,ścieżka
patient,cierpliwy
pattern,wzór
pause,pauza
pay,zapłacić
payment,Zapłata
PC,PC
peace,pokój
peak,szczyt
peer,par
penalty,rzut karny
people,ludzie
pepper,pieprz
per,za
perceive,dostrzec
percentage,odsetek
perception,postrzeganie
perfect,idealny
perfectly,doskonale
perform,wykonać
performance,wydajność
perhaps,być może
period,Kropka
permanent,stały
permission,pozwolenie
permit,pozwolić
person,osoba
personal,osobisty
personality,osobowość
personally,osobiście
personnel,personel
perspective,perspektywiczny
persuade,namawiać
pet,zwierzę domowe
phase,faza
phenomenon,zjawisko
philosophy,filozofia
phone,telefon
photo,zdjęcie
photograph,fotografia
photographer,fotograf
phrase,wyrażenie
physical,fizyczny
physically,fizycznie
physician,Lekarz
piano,fortepian
pick,wybierać
picture,obrazek
pie,ciasto
piece,kawałek
pile,stos
pilot,pilot
pine,sosna
pink,różowy
pipe,rura
pitch,smoła
place,miejsce
plan,plan
plane,samolot
planet,planeta
planning,planowanie
plant,roślina
plastic,Plastikowy
plate,talerz
platform,Platforma
play,grać
player,gracz
please,Proszę
pleasure,przyjemność
plenty,dużo
plot,wątek
plus,plus
PM,PO POŁUDNIU
pocket,kieszeń
poem,wiersz
poet,poeta
poetry,poezja
point,punkt
pole,Polak
police,Policja
policy,polityka
political,polityczny
politically,politycznie
politician,polityk
politics,Polityka
poll,głosowanie
pollution,skażenie
pool,basen
poor,ubogi
pop,Muzyka pop
popular,popularny
population,populacja
porch,ganek
port,Port
portion,część
portrait,portret
portray,przedstawiać
pose,poza
position,pozycja
positive,pozytywny
possess,posiadać
possibility,możliwość
possible,możliwy
possibly,możliwie
post,stanowisko
pot,garnek
potato,Ziemniak
potential,potencjał
potentially,potencjalnie
pound,funt
pour,wlać
poverty,ubóstwo
powder,proszek
power,moc
powerful,potężny
practical,praktyczny
practice,ćwiczyć
pray,modlić się
prayer,modlitwa
precisely,dokładnie
predict,"przepowiadać, wywróżyć"
prefer,woleć
preference,pierwszeństwo
pregnancy,ciąża
pregnant,w ciąży
preparation,przygotowanie
prepare,przygotować
prescription,recepta
presence,obecność
present,obecny
presentation,prezentacja
preserve,zachować
president,prezydent
presidential,prezydencki
press,naciśnij
pressure,nacisk
pretend,stwarzać pozory
pretty,ładny
prevent,zapobiec
previous,poprzedni
previously,poprzednio
price,Cena £
pride,duma
priest,kapłan
primarily,głównie
primary,podstawowa
prime,główny
principal,dyrektor
principle,zasada
print,wydrukować
prior,wcześniejszy
priority,priorytet
prison,więzienie
prisoner,więzień
privacy,Prywatność
private,prywatny
probably,prawdopodobnie
problem,problem
procedure,procedura
proceed,kontynuować
process,proces
produce,produkować
producer,producent
product,produkt
production,produkcja
profession,zawód
professional,profesjonalny
professor,profesor
profile,profil
profit,zysk
program,program
progress,postęp
project,projekt
prominent,wybitny
promise,obietnica
promote,promować
prompt,skłonić
proof,dowód
proper,właściwy
properly,prawidłowo
property,własność
proportion,proporcja
proposal,wniosek
propose,zaproponować
proposed,proponowane
prosecutor,prokurator
prospect,perspektywa
protect,ochraniać
protection,ochrona
protein,białko
protest,protest
proud,dumny
prove,okazać się
provide,zapewniać
provider,dostawca
province,województwo
provision,zaopatrzenie
psychological,psychologiczny
psychologist,psycholog
psychology,psychologia
public,publiczny
publication,opublikowanie
publicly,publicznie
publish,publikować
publisher,wydawca
pull,Ciągnąć
punishment,kara
purchase,zakup
pure,czysty
purpose,"cel, powód"
pursue,kontynuować
push,Pchać
put,położyć
qualify,zakwalifikować
quality,jakość
quarter,jedna czwarta
quarterback,rozgrywający
question,pytanie
quick,szybki
quickly,szybko
quiet,cichy
quietly,cicho
quit,porzucić
quite,całkiem
quote,zacytować
race,wyścigi
racial,rasowy
radical,rodnik
radio,radio
rail,szyna
rain,deszcz
raise,podnieść
range,zasięg
rank,ranga
rapid,szybki
rapidly,szybko
rare,rzadko spotykany
rarely,rzadko
rate,oceniać
rather,raczej
rating,ocena
ratio,stosunek
raw,surowy
reach,dosięgnąć
react,reagować
reaction,reakcja
read,czytać
reader,czytelnik
reading,czytanie
ready,gotowy
real,real
reality,rzeczywistość
realize,realizować
really,naprawdę
reason,powód
reasonable,rozsądny
recall,odwołanie
receive,otrzymać
recent,niedawny
recently,niedawno
recipe,Przepis
recognition,uznanie
recognize,rozpoznać
recommend,polecić
recommendation,zalecenie
record,rekord
recording,nagranie
recover,wyzdrowieć
recovery,poprawa
recruit,rekrut
red,czerwony
reduce,zmniejszyć
reduction,zmniejszenie
refer,odnosić się
reference,odniesienie
reflect,odzwierciedlić
reflection,odbicie
reform,reforma
refugee,uchodźca
refuse,odrzucać
regard,wzgląd
regarding,Jeżeli chodzi o
regardless,bez względu
regime,reżim
region,region
regional,regionalny
register,zarejestrować
regular,regularny
regularly,regularnie
regulate,regulować
regulation,regulacja
reinforce,wzmacniać
reject,odrzucać
relate,odnosić się
relation,relacja
relationship,związek
relative,krewny
relatively,stosunkowo
relax,zrelaksować się
release,wydanie
relevant,istotnych
relief,ulga
religion,religia
religious,religijny
rely,polegać
remain,pozostawać
remaining,pozostały
remarkable,znakomity
remember,Zapamiętaj
remind,przypominać
remote,zdalny
remove,usunąć
repeat,powtarzać
repeatedly,wielokrotnie
replace,zastąpić
reply,Odpowiadać
report,raport
reporter,reporter
represent,przedstawiać
representation,reprezentacja
representative,przedstawiciel
Republican,Republikański
reputation,reputacja
request,żądanie
require,wymagać
requirement,wymaganie
research,Badania
researcher,badacz
resemble,przypominać
reservation,rezerwacja
resident,Mieszkaniec
resist,opierać się
resistance,odporność
resolution,rozkład
resolve,rozwiązać
resort,Ośrodek wczasowy
resource,ratunek
respect,Poszanowanie
respond,odpowiadać
respondent,pozwany
response,odpowiedź
responsibility,odpowiedzialność
responsible,odpowiedzialny
rest,odpoczynek
restaurant,restauracja
restore,przywracać
restriction,ograniczenie
result,wynik
retain,zachować
retire,przejść na emeryturę
retirement,przejście na emeryturę
return,powrót
reveal,odsłonić
revenue,dochód
review,przejrzeć
revolution,rewolucja
rhythm,rytm
rice,Ryż
rich,bogaty
rid,pozbyć się
ride,jazda
rifle,karabin
right,dobrze
ring,pierścień
rise,wzrost
risk,ryzyko
river,rzeka
road,Droga
rock,skała
role,rola
roll,rolka
romantic,romantyczny
roof,dach
room,pokój
root,korzeń
rope,lina
rose,Róża
rough,szorstki
roughly,w przybliżeniu
round,okrągły
route,trasa
routine,rutyna
row,rząd
rub,pocierać
rule,reguła
run,biegać
running,bieganie
rural,wiejski
rush,pośpiech
Russian,Rosyjski
sacred,poświęcony
sad,smutny
safe,bezpieczny
safety,bezpieczeństwo
sake,wzgląd
salad,Sałatka
salary,wynagrodzenie
sale,sprzedaż
sales,obroty
salt,Sól
same,podobnie
sample,próba
sanction,sankcja
sand,piasek
satellite,satelita
satisfaction,zadowolenie
satisfy,usatysfakcjonować
sauce,sos
save,zapisać
saving,oszczędność
say,mówić
scale,skala
scandal,skandal
scared,przerażony
scenario,scenariusz
scene,scena
schedule,harmonogram
scheme,schemat
scholar,uczony
scholarship,stypendium
school,szkoła
science,nauka
scientific,naukowy
scientist,naukowiec
scope,zakres
score,wynik
scream,krzyk
screen,ekran
script,scenariusz
sea,morze
search,Szukaj
season,pora roku
seat,siedzenie
second,druga
secret,sekret
secretary,sekretarz
section,Sekcja
sector,sektor
secure,bezpieczne
security,bezpieczeństwo
see,widzieć
seed,nasionko
seek,szukać
seem,wydać się
segment,człon
seize,chwycić
select,Wybierz
selection,wybór
self,samego siebie
sell,Sprzedać
Senate,Senat
senator,senator
send,wysłać
senior,senior
sense,sens
sensitive,wrażliwy
sentence,zdanie
separate,oddzielny
sequence,sekwencja
series,seria
serious,poważny
seriously,poważnie
serve,obsługiwać
service,usługa
session,sesja
set,zestaw
setting,oprawa
settle,rozstrzygać
settlement,osada
seven,siedem
several,kilka
severe,silny
sex,seks
sexual,seksualny
shade,cień
shadow,cień
shake,potrząsnąć
shall,powinien
shape,kształt
share,dzielić
sharp,ostry
she,Ona
sheet,arkusz
shelf,półka
shell,muszla
shelter,schron
shift,przesunięcie
shine,blask
ship,statek
shirt,koszula
shit,gówno
shock,zaszokować
shoe,but
shoot,strzelać
shooting,strzelanie
shop,sklep
shopping,zakupy
shore,Wybrzeże
short,krótki
shortly,wkrótce
shot,strzał
should,powinien
shoulder,ramię
shout,krzyczeć
show,pokazać
shower,prysznic
shrug,wzruszać ramionami
shut,zamknąć
sick,chory
side,bok
sigh,westchnienie
sight,widok
sign,znak
signal,sygnał
significance,znaczenie
significant,znaczący
significantly,znacząco
silence,cisza
silent,cichy
silver,srebro
similar,podobny
similarly,podobnie
simple,prosty
simply,po prostu
sin,grzech
since,od
sing,śpiewać
singer,piosenkarz
single,pojedynczy
sink,tonąć
sir,Pan
sister,siostra
sit,siedzieć
site,teren
situation,sytuacja
six,sześć
size,rozmiar
ski,narty
skill,umiejętność
skin,skóra
sky,niebo
slave,niewolnik
sleep,sen
slice,kawałek
slide,ślizgać się
slight,niewielki
slightly,nieco
slip,poślizg
slow,powolny
slowly,powoli
small,mały
smart,mądry
smell,zapach
smile,uśmiech
smoke,palić
smooth,gładki
snap,kłapnięcie
snow,śnieg
so,więc
so-called,tak zwana
soccer,piłka nożna
social,społeczny
society,społeczeństwo
soft,miękki
software,oprogramowanie
soil,gleba
solar,słoneczny
soldier,żołnierz
solid,solidny
solution,rozwiązanie
solve,rozwiązać
some,trochę
somebody,ktoś
somehow,jakoś
someone,ktoś
something,coś
sometimes,czasami
somewhat,nieco
somewhere,gdzieś
son,syn
song,piosenka
soon,wkrótce
sophisticated,wyrafinowany
sorry,Przepraszam
sort,sortować
soul,dusza
sound,dźwięk
soup,zupa
source,źródło
south,południe
southern,południowy
Soviet,radziecki
space,przestrzeń
Spanish,hiszpański
speak,mówić
speaker,głośnik
special,specjalny
specialist,specjalista
species,gatunki
specific,konkretny
specifically,konkretnie
speech,przemówienie
speed,prędkość
spend,wydać
spending,wydatki
spin,spin
spirit,duch
spiritual,duchowy
split,rozdzielać
spokesman,rzecznik
sport,sport
spot,miejsce
spread,rozpiętość
spring,wiosna
square,plac
squeeze,ściskać
stability,stabilność
stable,stabilny
staff,personel
stage,etap
stair,schodek
stake,stawka
stand,stoisko
standard,standard
standing,na stojąco
star,gwiazda
stare,gapić się
start,początek
state,stan
statement,komunikat
station,stacja
statistics,Statystyka
status,status
stay,zostać
steady,stały
steal,kraść
steel,stal
step,krok
stick,kij
still,nadal
stir,wymieszać
stock,Zbiory
stomach,żołądek
stone,kamień
stop,zatrzymać
storage,przechowywanie
store,sklep
storm,burza
story,fabuła
straight,proste
strange,dziwne
stranger,nieznajomy
strategic,strategiczny
strategy,strategia
stream,strumień
street,ulica
strength,siła
strengthen,wzmacniać
stress,naprężenie
stretch,rozciągać
strike,strajk
string,strunowy
strip,rozebrać się
stroke,uderzenie
strong,silny
strongly,silnie
structure,Struktura
struggle,borykać się
student,student
studio,studio
study,badanie
stuff,rzeczy
stupid,głupi
style,styl
subject,Przedmiot
submit,Zatwierdź
subsequent,kolejny
substance,substancja
substantial,znaczny
succeed,osiągnąć sukces
success,powodzenie
successful,odnoszący sukcesy
successfully,z powodzeniem
such,taki
sudden,nagły
suddenly,nagle
sue,pozwać
suffer,ponieść
sufficient,wystarczający
sugar,cukier
suggest,sugerować
suggestion,sugestia
suicide,samobójstwo
suit,garnitur
summer,lato
summit,szczyt
sun,słońce
super,Wspaniały
supply,Dostawa
support,wsparcie
supporter,kibic
suppose,przypuszczać
supposed,domniemany
Supreme,Najwyższy
sure,pewnie
surely,pewno
surface,powierzchnia
surgery,Chirurgia
surprise,niespodzianka
surprised,zaskoczony
surprising,zaskakujący
surprisingly,zaskakująco
surround,otaczać
survey,Ankieta
survival,przetrwanie
survive,przetrwać
survivor,niedobitek
suspect,posądzać
sustain,ponieść
swear,przysięgać
sweep,zamiatać
sweet,Słodkie
swim,pływać
swing,huśtawka
switch,przełącznik
symbol,symbol
symptom,objaw
system,system
table,stół
tablespoon,łyżka
tactic,taktyka
tail,ogon
take,brać
tale,opowieść
talent,talent
talk,rozmowa
tall,wysoki
tank,czołg
tap,kran
tape,taśma
target,cel
task,zadanie
taste,smak
tax,podatek
taxpayer,podatnik
tea,herbata
teach,nauczać
teacher,nauczyciel
teaching,nauczanie
team,zespół
tear,łza
teaspoon,łyżeczka
technical,techniczny
technique,technika
technology,technologia
teen,nastolatków
teenager,nastolatek
telephone,telefon
telescope,teleskop
television,telewizja
tell,powiedzieć
temperature,temperatura
temporary,chwilowy
ten,dziesięć
tend,zmierzać
tendency,tendencja
tennis,tenis
tension,napięcie
tent,namiot
term,semestr
terms,warunki
terrible,straszny
territory,terytorium
terror,terror
terrorism,terroryzm
terrorist,terrorysta
test,test
testify,świadczyć
testimony,świadectwo
testing,testowanie
text,tekst
than,niż
thank,podziękować
thanks,dzięki
that,że
theater,teatr
their,ich
them,im
theme,motyw
themselves,sami
then,następnie
theory,teoria
therapy,terapia
there,tam
therefore,w związku z tym
these,te
they,one
thick,gruby
thin,cienki
thing,rzecz
think,myśleć
thinking,myślący
third,trzeci
thirty,trzydzieści
this,to
those,te
though,chociaż
thought,myśl
thousand,tysiąc
threat,zagrożenie
threaten,grozić
three,trzy
throat,gardło
through,przez
throughout,poprzez
throw,rzucać
thus,a zatem
ticket,bilet
tie,wiązanie
tight,mocno
time,czas
tiny,malutki
tip,Wskazówka
tire,opona
tired,zmęczony
tissue,papierowa chusteczka
title,tytuł
to,do
tobacco,tytoń
today,dzisiaj
toe,palec u nogi
together,razem
tomato,pomidor
tomorrow,jutro
tone,ton
tongue,język
tonight,dzisiejszej nocy
too,także
tool,narzędzie
tooth,ząb
top,Top
topic,temat
toss,podrzucenie
total,całkowity
totally,całkowicie
touch,dotknąć
tough,twardy
tour,wycieczka
tourist,turysta
tournament,Turniej
toward,w kierunku
towards,w kierunku
tower,wieża
town,miasto
toy,zabawka
trace,ślad
track,tor
trade,handel
tradition,tradycja
traditional,tradycyjny
traffic,ruch drogowy
tragedy,tragedia
trail,ślad
train,pociąg
training,trening
transfer,transfer
transform,przekształcać
transformation,transformacja
transition,przejście
translate,Tłumaczyć
transportation,transport
travel,podróżować
treat,leczyć
treatment,leczenie
treaty,traktat
tree,drzewo
tremendous,ogromny
trend,tendencja
trial,próba
tribe,plemię
trick,sztuczka
trip,wycieczka
troop,stado
trouble,kłopot
truck,ciężarówka
true,prawdziwe
truly,naprawdę
trust,zaufanie
truth,prawda
try,próbować
tube,rura
tunnel,tunel
turn,skręcać
TV,telewizja
twelve,dwanaście
twenty,20
twice,dwa razy
twin,bliźniak
two,dwa
type,rodzaj
typical,typowy
typically,zwykle
ugly,brzydki
ultimate,ostateczny
ultimately,ostatecznie
unable,niezdolny
uncle,wujek
under,pod
undergo,przejść
understand,Rozumiesz
understanding,zrozumienie
unfortunately,Niestety
uniform,mundur
union,unia
unique,wyjątkowy
unit,jednostka
United,Zjednoczony
universal,uniwersalny
universe,wszechświat
university,Uniwersytet
unknown,nieznany
unless,chyba że
unlike,w odróżnieniu
unlikely,mało prawdopodobne
until,aż do
unusual,niezwykły
up,w górę
upon,na
upper,górny
urban,miejski
urge,popęd
us,nas
use,posługiwać się
used,używany
useful,przydatny
user,użytkownik
usual,zwykły
usually,zazwyczaj
utility,użyteczność
vacation,wakacje
valley,dolina
valuable,cenny
value,wartość
variable,zmienna
variation,zmiana
variety,różnorodność
various,różnorodny
vary,różnią się
vast,ogromny
vegetable,warzywo
vehicle,pojazd
venture,przedsięwzięcie
version,wersja
versus,przeciw
very,bardzo
vessel,naczynie
veteran,weteran
via,przez
victim,ofiara
victory,zwycięstwo
video,wideo
view,widok
viewer,widz
village,wioska
violate,naruszać
violation,naruszenie
violence,przemoc
violent,gwałtowny
virtually,wirtualnie
virtue,cnota
virus,wirus
visible,widoczny
vision,wizja
visit,odwiedzić
visitor,gość
visual,wizualny
vital,istotny
voice,głos
volume,Tom
volunteer,wolontariusz
vote,głosować
voter,wyborca
vs,vs
vulnerable,wrażliwy
wage,gaża
wait,czekać
wake,budzić
walk,spacerować
wall,Ściana
wander,zbłądzić
want,chcieć
war,wojna
warm,ciepły
warn,ostrzec
warning,ostrzeżenie
wash,myć się
waste,marnotrawstwo
watch,zegarek
water,woda
wave,fala
way,droga
we,my
weak,słaby
wealth,bogactwo
wealthy,zamożny
weapon,broń
wear,nosić
weather,pogoda
wedding,ślub
week,tydzień
weekend,weekend
weekly,co tydzień
weigh,ważyć
weight,waga
welcome,Witamy
welfare,dobrobyt
well,dobrze
west,Zachód
western,western
wet,mokro
what,co
whatever,cokolwiek
wheel,koło
when,gdy
whenever,kiedy tylko
where,gdzie
whereas,natomiast
whether,czy
which,który
while,podczas
whisper,szept
white,biały
who,kto
whole,cały
whom,kogo
whose,którego
why,czemu
wide,szeroki
widely,szeroko
widespread,rozpowszechniony
wife,żona
wild,dziki
will,będzie
willing,skłonny
win,zdobyć
wind,wiatr
window,okno
wine,wino
wing,skrzydło
winner,zwycięzca
winter,zimowy
wipe,wycierać
wire,drut
wisdom,mądrość
wise,mądry
wish,życzenie
with,z
withdraw,wycofać
within,w ciągu
without,bez
witness,świadek
woman,kobieta
wonder,cud
wonderful,wspaniale
wood,drewno
wooden,drewniany
word,słowo
work,praca
worker,pracownik
working,pracujący
works,Prace
workshop,warsztat
world,świat
worried,zmartwiony
worry,martwić się
worth,wartość
would,by
wound,rana
wrap,owinąć
write,pisać
writer,pisarz
writing,pisanie
wrong,źle
yard,dziedziniec
yeah,Tak
year,rok
yell,krzyk
yellow,żółty
yes,tak
yesterday,wczoraj
yet,jeszcze
yield,wydajność
you,ty
young,młody
your,Twój
yours,Twój
yourself,siebie
youth,młodość
zone,strefa
